fecha_consulta,cod_p,tienda,zona,tmax,tmin,prec,estacion,semaforo,nivel_plan,riesgo_plan,n_avisos,max_nivel_aviso
2026-09-28,P002102201,FLB Piura Centro,Norte,,,,,verde,1,Crítico,0,0
2026-09-28,P002102301,FLB Piura Mall Open,Norte,,,,,verde,1,Crítico,0,0
2026-09-28,P002100601,FLB Chiclayo Mall,Norte,,,,,verde,1,Crítico,0,0
2026-09-28,P002100701,FLB Trujillo CC,Norte,,,,,verde,1,Crítico,0,0
2026-09-28,P002100801,FLB Chimbote,Norte,,,,,verde,1,Alto,2,0
2026-09-28,P002100901,FLB Cajamarca,Norte,,,,,amarillo,2,Alto,2,0
2026-09-28,P002101401,FLB Canete MP,Centro/Sur,,,,,verde,1,Alto,1,0
2026-09-28,P002101201,FLB Ica Mall,Centro/Sur,,,,,verde,1,Alto,0,0
2026-09-28,P002102101,FLB Huancayo,Centro/Sur,,,,,verde,1,Medio Alto,1,0
2026-09-28,P002103301,FLB Exp Huaraz,Centro/Sur,,,,,verde,1,Medio Alto,2,0
2026-09-28,P002103501,FLB Exp.Ayacucho,Centro/Sur,,,,,verde,1,Medio Alto,0,0
2026-09-28,P002102701,FLB Arequipa (Cayma),Centro/Sur,,,,,verde,1,Medio Alto,2,0
2026-09-28,P002101001,FLB Porongoche,Centro/Sur,,,,,verde,1,Medio Alto,2,0
2026-09-28,P002103201,FLB Cusco,Centro/Sur,,,,,verde,1,Medio Alto,0,0
2026-09-28,P002102901,FLB Merced,Centro/Sur,,,,,verde,1,Sin clasificar,1,0
2026-09-28,P004101702,FLB Iquitos,Oriente,,,,,amarillo,2,Alto,2,0
2026-09-28,P004101301,FLB Pucallpa,Oriente,,,,,amarillo,2,Alto,1,0
2026-09-28,P004101601,FLB Huanuco Op,Oriente,,,,,verde,1,Alto,0,0
2026-09-28,P004103901,FLB Tarapoto,Oriente,,,,,amarillo,2,Alto,2,0
2026-09-28,CD-LURIN,CD Lurín,Lima Metropolitana,,,,,verde,1,Alto,1,0
2026-09-28,CD-VES,CD Villa El Salvador,Lima Metropolitana,,,,,verde,1,Alto,1,0
2026-09-28,P002100501,FLB Santa Anita,Lima Metropolitana,,,,,verde,1,Medio Alto,1,0
2026-09-28,P002103001,FLB Puruchuco,Lima Metropolitana,,,,,verde,1,Medio Alto,1,0
2026-09-28,P002100401,FLB Mega Plaza,Lima Metropolitana,,,,,verde,1,Medio Alto,1,0
2026-09-28,P002101101,FLB Lima Norte (Plaza Norte),Lima Metropolitana,,,,,verde,1,Medio Alto,1,0
2026-09-28,P002102401,FLB Bellavista,Lima Metropolitana,,,,,verde,1,Medio,0,0
2026-09-28,P002102801,FLB San Miguel,Lima Metropolitana,,,,,verde,1,Medio,1,0
2026-09-28,P002101901,FLB Mall del Sur,Lima Metropolitana,,,,,verde,1,Medio,1,0
2026-09-28,P002102501,FLB Atocongo,Lima Metropolitana,,,,,verde,1,Medio,1,0
2026-09-28,P002103101,FLB Comas,Lima Metropolitana,,,,,verde,1,Medio,1,0
2026-09-28,P002101801,FLB Centro Civico,Lima Metropolitana,,,,,verde,1,Medio,1,0
2026-09-28,P002102001,FLB Lima Centro,Lima Metropolitana,,,,,verde,1,Medio,1,0
2026-09-28,EXPO-LIMA-CENTRO,FLB Expo Lima Centro,Lima Metropolitana,,,,,verde,1,Medio,1,0
2026-09-28,P002102601,FLB Angamos,Lima Metropolitana,,,,,verde,1,Medio,1,0
2026-09-28,P002100301,FLB Miraflores,Lima Metropolitana,,,,,verde,1,Medio,1,0
2026-09-28,P002101501,FLB Salaverry,Lima Metropolitana,,,,,verde,1,Medio,1,0
2026-09-28,P002100201,FLB Jockey Plaza,Lima Metropolitana,,,,,verde,1,Medio,1,0
2026-09-28,P002100101,FLB San Isidro,Lima Metropolitana,,,,,verde,1,Medio,1,0
2026-09-28,CORP-SAN-ISIDRO,Corporación San Isidro (oficinas),Lima Metropolitana,,,,,verde,1,Medio,1,0
2026-09-28,P002103801,FLB MOLINA,Lima Metropolitana,,,,,verde,1,Bajo,1,0
2026-09-28,P002304029,FLB Exp Tacna,Sur,,,,,verde,1,Bajo,2,0
